title,imageUrl,quantity,price,description
Boy,http://dummyimage.com/217x100.png/cc0000/ffffff,70,44.34,diam vitae quam suspendisse potenti nullam porttitor lacus at turpis donec posuere metus vitae ipsum
"Russians Are Coming, the Russians Are Coming, The",http://dummyimage.com/210x100.png/cc0000/ffffff,66,44.02,felis fusce posuere felis sed lacus morbi sem mauris laoreet ut rhoncus aliquet pulvinar sed nisl nunc rhoncus dui
Ticked-Off Trannies with Knives,http://dummyimage.com/121x100.png/dddddd/000000,7,96.25,nisi venenatis tristique fusce congue diam id ornare imperdiet sapien urna
Stealing Home,http://dummyimage.com/188x100.png/cc0000/ffffff,48,52.91,eget eros elementum pellentesque quisque porta volutpat erat quisque erat eros viverra eget congue eget semper rutrum nulla nunc purus
Little Nicky,http://dummyimage.com/169x100.png/dddddd/000000,61,40.24,at nunc commodo placerat praesent blandit nam nulla integer pede justo lacinia eget tincidunt eget tempus vel
"Lay of the Land, The",http://dummyimage.com/127x100.png/dddddd/000000,60,14.49,dui maecenas tristique est et tempus semper est quam pharetra
Lure of the Sila,http://dummyimage.com/219x100.png/dddddd/000000,44,12.21,lacus at turpis donec posuere metus vitae ipsum aliquam non mauris morbi non
I Am the Law,http://dummyimage.com/117x100.png/dddddd/000000,26,42.09,dapibus augue vel accumsan tellus nisi eu orci mauris lacinia sapien quis libero nullam sit amet
Ten Minutes Older: The Trumpet,http://dummyimage.com/108x100.png/ff4444/ffffff,21,77.61,in hac habitasse platea dictumst etiam faucibus cursus urna ut tellus nulla ut erat id mauris vulputate elementum nullam varius
Death of a Salesman,http://dummyimage.com/104x100.png/ff4444/ffffff,80,56.86,vivamus tortor duis mattis egestas metus aenean fermentum donec ut mauris eget massa
